Patient Gender,SUM(Patient (Metric Type - Count or %))
F,290919.000000000000
M,143369.000000000000
U,3087.000000000000
